<?xml version="1.0" encoding="UTF-8"?>
<configuracion>
	<ventana>
		<ancho>800</ancho>
		<alto>600</alto>
	</ventana>
	<jugador>
		<ancho>100</ancho>
		<alto>180</alto>
	</jugador>
	<velocidad>
		<x>200</x>
		<y>1000</y>
		<g>1000</g>
	</velocidad>
	<fps>30</fps>
	<longitud>6400</longitud>
	<piso>450</piso>
	<minimo_numero_jugadores>1</minimo_numero_jugadores>
	<maximo_numero_jugadores>4</maximo_numero_jugadores>
	<capas>
		<capa>
			<imagen>img/cielo.png</imagen>
			<zindex>1</zindex>
		</capa>
		<capa>
			<imagen>img/fondo.png</imagen>
			<zindex>2</zindex>
		</capa>
		<capa>
			<imagen>img/lineas.png</imagen>
			<zindex>25</zindex>
		</capa>
	</capas>
	<sprites>
		<sprite>
			<estado>Caminando</estado>
			<imagen>img/caminando.png</imagen>
			<zindex>10</zindex>
			<frames>6</frames>
			<tiempo>1200</tiempo>
		</sprite>
		<sprite>
			<estado>Saltando</estado>
			<imagen>img/saltando.png</imagen>
			<zindex>10</zindex>
			<frames>1</frames>
			<tiempo>1000</tiempo>
		</sprite>
		<sprite>
			<estado>Quieto</estado>
			<imagen>img/quieto.png</imagen>
			<zindex>10</zindex>
			<frames>1</frames>
			<tiempo>1000</tiempo>
		</sprite>
		<sprite>
			<estado>Desconectado</estado>
			<imagen>img/desconectado.png</imagen>
			<zindex>10</zindex>
			<frames>1</frames>
			<tiempo>1000</tiempo>
		</sprite>
	</sprites>
</configuracion>