<?xml version="1.0" encoding="UTF-8"?>
<configuracion>
	<ventana>
		<ancho>1280</ancho>
		<alto>720</alto>
	</ventana>
	<piso>720</piso>
	<jugador>
		<ancho>200</ancho>
		<alto>300</alto>
	</jugador>
	<velocidad>
		<x>300</x>
		<y>1000</y>
		<g>1660</g> <!-- 2*y/(tiempo salto en segs) -->
	</velocidad>
	<fps>30</fps>
	<longitud>6000</longitud>
	<minimo_numero_jugadores>1</minimo_numero_jugadores>
	<maximo_numero_jugadores>4</maximo_numero_jugadores>
	<capas>
		<capa>
			<imagen>parallax/parallax1.png</imagen>
			<zindex>1</zindex>
		</capa>
		<capa>
			<imagen>parallax/parallax2.png</imagen>
			<zindex>2</zindex>
		</capa>
		<capa>
			<imagen>parallax/parallax3.png</imagen>
			<zindex>3</zindex>
		</capa>
		<capa>
			<imagen>parallax/parallax4.png</imagen>
			<zindex>4</zindex>
		</capa>
		<capa>
			<imagen>parallax/parallax5.png</imagen>
			<zindex>20</zindex>
		</capa>
	</capas>
	<sprites>
		<sprite>
			<estado>Caminando</estado>
			<imagen>parallax/walk.png</imagen>
			<zindex>10</zindex>
			<frames>8</frames>
			<tiempo>1000</tiempo>
		</sprite>
		<sprite>
			<estado>Saltando</estado>
			<imagen>parallax/jump.png</imagen>
			<zindex>10</zindex>
			<frames>8</frames>
			<tiempo>1200</tiempo>
		</sprite>
		<sprite>
			<estado>Quieto</estado>
			<imagen>parallax/stand.png</imagen>
			<zindex>10</zindex>
			<frames>4</frames>
			<tiempo>1000</tiempo>
		</sprite>
		<sprite>
			<estado>Desconectado</estado>
			<imagen>parallax/offline.png</imagen>
			<zindex>10</zindex>
			<frames>1</frames>
			<tiempo>750</tiempo>
		</sprite>
	</sprites>
</configuracion>